{
    "indoorId":"110005",
    "arroundList":[
        {
            "id" : 1,
            "name":"【老山】公交站",
			"address":"337路、527路、545路、546路、574路、914路、941路",
            "desc":"北门右转直行20米",            
            "x":99.2298,
            "y":187.1295,
            "relatedGateId":"10000116",
            "typeCode" : 1002
        },
        {
            "id" : 2,
            "name":"【八宝山】地铁D口",
            "address":"东侧",
            "desc":"北门右转直行830米",
            "x":151.43797,
            "y":68.0831,
            "relatedGateId":"10000116",
            "typeCode" : 1001
        },
	{
            "id" : 3,
            "name":"【永乐西小区】公交站",
			"address":"308路、373路、436路、546路、597路、598路、663路、958路、959路",
            "desc":"西门向南直行270米，路口左转直行40米",            
            "x":99.2298,
            "y":187.1295,
            "relatedGateId":"10000010",
            "typeCode" : 1002
        },
	{
            "id" : 4,
            "name":"【银河大街】公交站",
			"address":"325路、472路、546路、597路、598路、663路、959路、专91路",
            "desc":"西门向南直行90米，路口右转直行230米，路口左转直行30米",            
            "x":99.2298,
            "y":187.1295,
            "relatedGateId":"10000010",
            "typeCode" : 1002
        },
        {
            "id" : 5,
            "name":"万达嘉华酒店",            
            "address":"东侧",
			"desc":"东门右转直行130米，第1个路口左转直行170米",
            "x":33.520275,
            "y":6.3808288,
            "relatedGateId":"10000009",
            "typeCode" : 1003
        }
    ]
}