{
   "IBM_ID" : 0,
   "buildingID" : 110005,
   "buildingName" : "石景山万达广场",
   "buildingType" : "200000",
   "centerX" : 256.0,
   "centerY" : 1.924522079696617e+276,
   "compileTime" : "2016-11-04-13-15-08",
   "dataVersion" : "1.6.1",
   "floorCount" : 6,
   "floorGroup" : [
      {
         "index" : "4.000000",
         "name" : "F4"
      },
      {
         "index" : "3.000000",
         "name" : "F3"
      },
      {
         "index" : "2.000000",
         "name" : "F2"
      },
      {
         "index" : "1.000000",
         "name" : "F1"
      },
      {
         "index" : "-1.000000",
         "name" : "B1"
      },
      {
         "index" : "-2.000000",
         "name" : "B2"
      }
   ],
   "leftBottomX" : 512.0,
   "leftBottomY" : 3.849044159393234e+276,
   "maxScale" : 0.004999999888241291,
   "minScale" : 0.0001999999949475750,
   "pixelLeftTopX" : 0.0,
   "pixelLeftTopY" : 0.0,
   "pixelScaleX" : 0.0,
   "pixelScaleY" : 0.0,
   "rightTopX" : 8.912382336678487e-313,
   "rightTopY" : 1.738338951958751e-310,
   "version" : "1.4"
}