{
    "indoorId":"110087",
    "arroundList":[
        {
            "id" : 1,
            "name":"【太阳宫桥】公交站",
			"address":"130路",
            "desc":"南门右转直行300米",            
            "x":99.2298,
            "y":187.1295,
            "relatedGateId":"10000001",
            "typeCode" : 1002
        },
        {
            "id" : 2,
            "name":"【西坝河】公交站",
            "address":"866路、916快、942快、980快",
            "desc":"南门左转直行270米",   
            "x":151.43797,
            "y":68.0831,
            "relatedGateId":"10000001",
            "typeCode" : 1002
        },
	{
            "id" : 3,
            "name":"【光熙门】地铁A口",
			"address":"西侧",
            "desc":"南门右转直行300米",            
            "x":99.2298,
            "y":187.1295,
            "relatedGateId":"10000001",
            "typeCode" : 1001
        }
    ]
}