{
   "IBM_ID" : 0,
   "buildingID" : 110087,
   "buildingName" : "爱琴海购物公园（北京）",
   "buildingType" : "200000",
   "centerX" : 0.0,
   "centerY" : 0.0,
   "compileTime" : "2016-11-04-13-14-15",
   "dataVersion" : "1.2.0.6",
   "floorCount" : 9,
   "floorGroup" : [
      {
         "index" : "6.000000",
         "name" : "F6"
      },
      {
         "index" : "5.000000",
         "name" : "F5"
      },
      {
         "index" : "4.000000",
         "name" : "F4"
      },
      {
         "index" : "3.000000",
         "name" : "F3"
      },
      {
         "index" : "2.000000",
         "name" : "F2"
      },
      {
         "index" : "1.000000",
         "name" : "F1"
      },
      {
         "index" : "-1.000000",
         "name" : "B1"
      },
      {
         "index" : "-2.000000",
         "name" : "B2"
      },
      {
         "index" : "-3.000000",
         "name" : "B3"
      }
   ],
   "leftBottomX" : 0.0,
   "leftBottomY" : 0.0,
   "maxScale" : 0.006777385715395212,
   "minScale" : 0.0003049823571927845,
   "pixelLeftTopX" : 0.0,
   "pixelLeftTopY" : 0.0,
   "pixelScaleX" : 0.0,
   "pixelScaleY" : 0.0,
   "rightTopX" : 0.0,
   "rightTopY" : 0.0,
   "version" : "1.4"
}